[{"duration":669,"startTime":1776,"endTime":2445,"keyIndex":7,"swar":"pl"},{"duration":2301,"startTime":2140,"endTime":4441,"keyIndex":12,"swar":"s"},{"duration":700,"startTime":4132,"endTime":4832,"keyIndex":10,"swar":"Nl"},{"duration":2492,"startTime":4590,"endTime":7082,"keyIndex":8,"swar":"Dl"},{"duration":421,"startTime":5564,"endTime":5985,"keyIndex":10,"swar":"Nl"},{"duration":1521,"startTime":6836,"endTime":8357,"keyIndex":10,"swar":"Nl"},{"duration":3573,"startTime":7971,"endTime":11544,"keyIndex":7,"swar":"pl"},{"duration":9195,"startTime":10821,"endTime":20016,"keyIndex":12,"swar":"s"}]