[{"duration":352,"startTime":1733,"endTime":2085,"keyIndex":12,"swar":"s"},{"duration":1526,"startTime":1906,"endTime":3432,"keyIndex":17,"swar":"m"},{"duration":1615,"startTime":3253,"endTime":4868,"keyIndex":19,"swar":"p"},{"duration":415,"startTime":4482,"endTime":4897,"keyIndex":22,"swar":"N"},{"duration":2948,"startTime":4746,"endTime":7694,"keyIndex":20,"swar":"D"},{"duration":285,"startTime":5477,"endTime":5762,"keyIndex":22,"swar":"N"},{"duration":168,"startTime":6325,"endTime":6493,"keyIndex":22,"swar":"N"},{"duration":3141,"startTime":7473,"endTime":10614,"keyIndex":22,"swar":"N"},{"duration":12072,"startTime":9401,"endTime":21473,"keyIndex":24,"swar":"su"}]