[{"duration":324,"startTime":1085,"endTime":1409,"keyIndex":12,"swar":"s"},{"duration":1537,"startTime":1232,"endTime":2769,"keyIndex":17,"swar":"m"},{"duration":1434,"startTime":2621,"endTime":4055,"keyIndex":19,"swar":"p"},{"duration":424,"startTime":3812,"endTime":4236,"keyIndex":22,"swar":"N"},{"duration":2346,"startTime":4083,"endTime":6429,"keyIndex":20,"swar":"D"},{"duration":307,"startTime":5040,"endTime":5347,"keyIndex":22,"swar":"N"},{"duration":2411,"startTime":6172,"endTime":8583,"keyIndex":22,"swar":"N"},{"duration":12315,"startTime":7820,"endTime":20135,"keyIndex":19,"swar":"p"}]