[{"duration":364,"startTime":1277,"endTime":1641,"keyIndex":12,"swar":"s"},{"duration":1372,"startTime":1494,"endTime":2866,"keyIndex":17,"swar":"m"},{"duration":1247,"startTime":2762,"endTime":4009,"keyIndex":19,"swar":"p"},{"duration":411,"startTime":3814,"endTime":4225,"keyIndex":22,"swar":"N"},{"duration":1267,"startTime":4071,"endTime":5338,"keyIndex":20,"swar":"D"},{"duration":2110,"startTime":5125,"endTime":7235,"keyIndex":22,"swar":"N"},{"duration":3237,"startTime":6700,"endTime":9937,"keyIndex":26,"swar":"ru"},{"duration":10732,"startTime":9537,"endTime":20269,"keyIndex":24,"swar":"su"}]