[{"duration":464,"startTime":645,"endTime":1109,"keyIndex":7,"swar":"pl"},{"duration":1360,"startTime":910,"endTime":2270,"keyIndex":12,"swar":"s"},{"duration":1631,"startTime":2130,"endTime":3761,"keyIndex":14,"swar":"r"},{"duration":585,"startTime":3394,"endTime":3979,"keyIndex":17,"swar":"m"},{"duration":2393,"startTime":3776,"endTime":6169,"keyIndex":15,"swar":"G"},{"duration":304,"startTime":4686,"endTime":4990,"keyIndex":17,"swar":"m"},{"duration":2288,"startTime":5885,"endTime":8173,"keyIndex":17,"swar":"m"},{"duration":13846,"startTime":7498,"endTime":21344,"keyIndex":19,"swar":"p"}]