[{"duration":486,"startTime":880,"endTime":1366,"keyIndex":7,"swar":"pl"},{"duration":1967,"startTime":1145,"endTime":3112,"keyIndex":12,"swar":"s"},{"duration":1375,"startTime":2772,"endTime":4147,"keyIndex":14,"swar":"r"},{"duration":575,"startTime":3912,"endTime":4487,"keyIndex":17,"swar":"m"},{"duration":2239,"startTime":4270,"endTime":6509,"keyIndex":15,"swar":"G"},{"duration":246,"startTime":5176,"endTime":5422,"keyIndex":17,"swar":"m"},{"duration":2295,"startTime":6165,"endTime":8460,"keyIndex":17,"swar":"m"},{"duration":1827,"startTime":8092,"endTime":9919,"keyIndex":14,"swar":"r"},{"duration":9943,"startTime":9314,"endTime":19257,"keyIndex":12,"swar":"s"}]