[{"duration":528,"startTime":774,"endTime":1302,"keyIndex":19,"swar":"p"},{"duration":1946,"startTime":1062,"endTime":3008,"keyIndex":24,"swar":"su"},{"duration":593,"startTime":2750,"endTime":3343,"keyIndex":22,"swar":"N"},{"duration":2132,"startTime":3179,"endTime":5311,"keyIndex":20,"swar":"D"},{"duration":270,"startTime":3807,"endTime":4077,"keyIndex":22,"swar":"N"},{"duration":2710,"startTime":4999,"endTime":7709,"keyIndex":22,"swar":"N"},{"duration":10751,"startTime":6814,"endTime":17565,"keyIndex":19,"swar":"p"}]