[{"duration":646,"startTime":1546,"endTime":2192,"keyIndex":7,"swar":"pl"},{"duration":1944,"startTime":1988,"endTime":3932,"keyIndex":12,"swar":"s"},{"duration":528,"startTime":3525,"endTime":4053,"keyIndex":10,"swar":"Nl"},{"duration":2427,"startTime":3858,"endTime":6285,"keyIndex":8,"swar":"Dl"},{"duration":263,"startTime":4816,"endTime":5079,"keyIndex":10,"swar":"Nl"},{"duration":1824,"startTime":6004,"endTime":7828,"keyIndex":10,"swar":"Nl"},{"duration":2408,"startTime":7293,"endTime":9701,"keyIndex":14,"swar":"r"},{"duration":5300,"startTime":9300,"endTime":14600,"keyIndex":12,"swar":"s"}]