[{"duration":1592,"startTime":797,"endTime":2389,"keyIndex":17,"swar":"m"},{"duration":1179,"startTime":2043,"endTime":3222,"keyIndex":19,"swar":"p"},{"duration":540,"startTime":3082,"endTime":3622,"keyIndex":17,"swar":"m"},{"duration":2420,"startTime":3358,"endTime":5778,"keyIndex":15,"swar":"G"},{"duration":331,"startTime":4297,"endTime":4628,"keyIndex":17,"swar":"m"},{"duration":2158,"startTime":5470,"endTime":7628,"keyIndex":17,"swar":"m"},{"duration":2061,"startTime":7280,"endTime":9341,"keyIndex":14,"swar":"r"},{"duration":8581,"startTime":8780,"endTime":17361,"keyIndex":12,"swar":"s"}]